scenario,label,perturbation_type,perturbation_level,trial_seed,derived_seed,node_count,edge_count_before,edge_count_after,probability_shift_mean_absolute,threshold,roc_auc,pr_auc,accuracy,balanced_accuracy,precision,recall,f1,confusion_matrix,support,positive_support
baseline,Baseline graph,baseline,0.0,42,42,2889,16524,16524,0.0,0.4798469841480255,0.605814889812545,0.1865659017773951,0.5143648321218415,0.5688177199900529,0.1411371237458194,0.6393939393939394,0.23123287671232876,"[[1275, 1284], [119, 211]]",2889,330
baseline,Baseline graph,baseline,0.0,43,43,2889,16524,16524,0.0,0.4798469841480255,0.605814889812545,0.1865659017773951,0.5143648321218415,0.5688177199900529,0.1411371237458194,0.6393939393939394,0.23123287671232876,"[[1275, 1284], [119, 211]]",2889,330
baseline,Baseline graph,baseline,0.0,44,44,2889,16524,16524,0.0,0.4798469841480255,0.605814889812545,0.1865659017773951,0.5143648321218415,0.5688177199900529,0.1411371237458194,0.6393939393939394,0.23123287671232876,"[[1275, 1284], [119, 211]]",2889,330
baseline,Baseline graph,baseline,0.0,45,45,2889,16524,16524,0.0,0.4798469841480255,0.605814889812545,0.1865659017773951,0.5143648321218415,0.5688177199900529,0.1411371237458194,0.6393939393939394,0.23123287671232876,"[[1275, 1284], [119, 211]]",2889,330
baseline,Baseline graph,baseline,0.0,46,46,2889,16524,16524,0.0,0.4798469841480255,0.605814889812545,0.1865659017773951,0.5143648321218415,0.5688177199900529,0.1411371237458194,0.6393939393939394,0.23123287671232876,"[[1275, 1284], [119, 211]]",2889,330
baseline,Baseline graph,baseline,0.0,47,47,2889,16524,16524,0.0,0.4798469841480255,0.605814889812545,0.1865659017773951,0.5143648321218415,0.5688177199900529,0.1411371237458194,0.6393939393939394,0.23123287671232876,"[[1275, 1284], [119, 211]]",2889,330
baseline,Baseline graph,baseline,0.0,48,48,2889,16524,16524,0.0,0.4798469841480255,0.605814889812545,0.1865659017773951,0.5143648321218415,0.5688177199900529,0.1411371237458194,0.6393939393939394,0.23123287671232876,"[[1275, 1284], [119, 211]]",2889,330
baseline,Baseline graph,baseline,0.0,49,49,2889,16524,16524,0.0,0.4798469841480255,0.605814889812545,0.1865659017773951,0.5143648321218415,0.5688177199900529,0.1411371237458194,0.6393939393939394,0.23123287671232876,"[[1275, 1284], [119, 211]]",2889,330
baseline,Baseline graph,baseline,0.0,50,50,2889,16524,16524,0.0,0.4798469841480255,0.605814889812545,0.1865659017773951,0.5143648321218415,0.5688177199900529,0.1411371237458194,0.6393939393939394,0.23123287671232876,"[[1275, 1284], [119, 211]]",2889,330
baseline,Baseline graph,baseline,0.0,51,51,2889,16524,16524,0.0,0.4798469841480255,0.605814889812545,0.1865659017773951,0.5143648321218415,0.5688177199900529,0.1411371237458194,0.6393939393939394,0.23123287671232876,"[[1275, 1284], [119, 211]]",2889,330
remove_5,Remove 5% edges,edge_removal,0.05,42,10042,2889,16524,15698,0.006495778448879719,0.4798469841480255,0.6054951626463936,0.18999550004961893,0.5136725510557286,0.560508366194181,0.13804713804713806,0.6212121212121212,0.22589531680440772,"[[1279, 1280], [125, 205]]",2889,330
remove_5,Remove 5% edges,edge_removal,0.05,43,10043,2889,16524,15698,0.006313457153737545,0.4798469841480255,0.6069363032434545,0.18586385892815332,0.5150571131879543,0.5652492095633947,0.1398789509078682,0.6303030303030303,0.22894881673087508,"[[1280, 1279], [122, 208]]",2889,330
remove_5,Remove 5% edges,edge_removal,0.05,44,10044,2889,16524,15698,0.0071203880943357944,0.4798469841480255,0.6075976648075124,0.18865735894040495,0.5174800969193493,0.5718959820952787,0.1424731182795699,0.6424242424242425,0.23322332233223322,"[[1283, 1276], [118, 212]]",2889,330
remove_5,Remove 5% edges,edge_removal,0.05,45,10045,2889,16524,15698,0.006795317400246859,0.4798469841480255,0.6042340166021292,0.18510241254765114,0.5254413291796469,0.5750701623503499,0.1442241968557758,0.6393939393939394,0.23535973229224763,"[[1307, 1252], [119, 211]]",2889,330
remove_5,Remove 5% edges,edge_removal,0.05,46,10046,2889,16524,15698,0.0063536218367516994,0.4798469841480255,0.6067557166033133,0.1837807887381473,0.5160955347871236,0.5750737148744183,0.14352469959946595,0.6515151515151515,0.23522975929978118,"[[1276, 1283], [115, 215]]",2889,330
remove_5,Remove 5% edges,edge_removal,0.05,47,10047,2889,16524,15698,0.006564657669514418,0.4798469841480255,0.6089872938055823,0.18748920494070748,0.5216337833160263,0.5755604106717823,0.14411366711772666,0.6454545454545455,0.23561946902654868,"[[1294, 1265], [117, 213]]",2889,330
remove_5,Remove 5% edges,edge_removal,0.05,48,10048,2889,16524,15698,0.006371438503265381,0.4798469841480255,0.6082442241879522,0.19145258255403116,0.5199030806507442,0.5706241784788092,0.14218009478672985,0.6363636363636364,0.23242944106253458,"[[1292, 1267], [120, 210]]",2889,330
remove_5,Remove 5% edges,edge_removal,0.05,49,10049,2889,16524,15698,0.006639423314481974,0.4798469841480255,0.6057000248676685,0.18853638272251488,0.5199030806507442,0.5679846530960246,0.14120841819416158,0.6303030303030303,0.230726566833056,"[[1294, 1265], [122, 208]]",2889,330
remove_5,Remove 5% edges,edge_removal,0.05,50,10050,2889,16524,15698,0.006524296943098307,0.4798469841480255,0.6085059267943207,0.18748034877718417,0.5115957078573901,0.5738534228569399,0.1427627230667548,0.6545454545454545,0.23440043407487793,"[[1262, 1297], [114, 216]]",2889,330
remove_5,Remove 5% edges,edge_removal,0.05,51,10051,2889,16524,15698,0.00652345921844244,0.4798469841480255,0.6078238421731974,0.1893011026087773,0.518864659051575,0.5687182493161391,0.14140730717185385,0.6333333333333333,0.23119469026548672,"[[1290, 1269], [121, 209]]",2889,330
remove_10,Remove 10% edges,edge_removal,0.1,42,20042,2889,16524,14872,0.010838241316378117,0.4798469841480255,0.6047118310893222,0.19081269642996598,0.518864659051575,0.5607996731677857,0.13847203274215553,0.6151515151515151,0.22605790645879734,"[[1296, 1263], [127, 203]]",2889,330
remove_10,Remove 10% edges,edge_removal,0.1,43,20043,2889,16524,14872,0.010022533126175404,0.4798469841480255,0.6072566224969508,0.18834490924524316,0.5154032537210107,0.5628050730043697,0.13900134952766532,0.6242424242424243,0.22737306843267108,"[[1283, 1276], [124, 206]]",2889,330
remove_10,Remove 10% edges,edge_removal,0.1,44,20044,2889,16524,14872,0.010542207397520542,0.4798469841480255,0.6080115338614752,0.18984310938207924,0.5216337833160263,0.579519698745959,0.14555256064690028,0.6545454545454545,0.23814773980154355,"[[1291, 1268], [114, 216]]",2889,330
remove_10,Remove 10% edges,edge_removal,0.1,45,20045,2889,16524,14872,0.009962495416402817,0.4798469841480255,0.608819733087025,0.19023328344901264,0.520595361716857,0.5630963799779743,0.1394395078605605,0.6181818181818182,0.2275515895147797,"[[1300, 1259], [126, 204]]",2889,330
remove_10,Remove 10% edges,edge_removal,0.1,46,20046,2889,16524,14872,0.010512816719710827,0.4798469841480255,0.6024530178691961,0.18995290786198882,0.5160955347871236,0.5711144268002416,0.14209115281501342,0.6424242424242425,0.2327113062568606,"[[1279, 1280], [118, 212]]",2889,330
remove_10,Remove 10% edges,edge_removal,0.1,47,20047,2889,16524,14872,0.010787909850478172,0.4798469841480255,0.6104562625078451,0.19047938092540073,0.5223260643821391,0.5733116629365165,0.14334239130434784,0.6393939393939394,0.2341842397336293,"[[1298, 1261], [119, 211]]",2889,330
remove_10,Remove 10% edges,edge_removal,0.1,48,20048,2889,16524,14872,0.010505647398531437,0.4798469841480255,0.6137583336293772,0.1938633940745915,0.5250951886465905,0.5788340616007673,0.145578231292517,0.6484848484848484,0.23777777777777778,"[[1303, 1256], [116, 214]]",2889,330
remove_10,Remove 10% edges,edge_removal,0.1,49,20049,2889,16524,14872,0.010503163561224937,0.4798469841480255,0.6067569007780028,0.18492244532182872,0.5157493942540672,0.5722388006678746,0.14247491638795987,0.6454545454545455,0.23342465753424657,"[[1277, 1282], [117, 213]]",2889,330
remove_10,Remove 10% edges,edge_removal,0.1,50,20050,2889,16524,14872,0.010850279591977596,0.4798469841480255,0.6105101424562152,0.19286784200399498,0.5212876427829699,0.5727254964652386,0.1430508474576271,0.6393939393939394,0.2337950138504155,"[[1295, 1264], [119, 211]]",2889,330
remove_10,Remove 10% edges,edge_removal,0.1,51,20051,2889,16524,14872,0.010030070319771767,0.4798469841480255,0.6100944971402182,0.19042798391689658,0.5157493942540672,0.5682795125936978,0.14103425117528542,0.6363636363636364,0.23089609675645958,"[[1280, 1279], [120, 210]]",2889,330
remove_20,Remove 20% edges,edge_removal,0.2,42,30042,2889,16524,13219,0.016451407223939896,0.4798469841480255,0.6061452745509017,0.1878903552340349,0.5233644859813084,0.5672990159508331,0.14119259766963674,0.6242424242424243,0.23029625489100056,"[[1306, 1253], [124, 206]]",2889,330
remove_20,Remove 20% edges,edge_removal,0.2,43,30043,2889,16524,13219,0.016508977860212326,0.4798469841480255,0.6087776948855494,0.19141270253452627,0.5219799238490828,0.5704767487299727,0.14227365554799182,0.6333333333333333,0.23235130628126738,"[[1299, 1260], [121, 209]]",2889,330
remove_20,Remove 20% edges,edge_removal,0.2,44,30044,2889,16524,13219,0.01652020402252674,0.4798469841480255,0.6057254846234916,0.1915217703861526,0.5275181723779855,0.5683239191445522,0.14186851211072665,0.6212121212121212,0.23098591549295774,"[[1319, 1240], [125, 205]]",2889,330
remove_20,Remove 20% edges,edge_removal,0.2,45,30045,2889,16524,13219,0.017091188579797745,0.4798469841480255,0.6131301289566237,0.19171589754673202,0.5282104534440983,0.5792727983232087,0.14599040438656613,0.6454545454545455,0.23812185578535494,"[[1313, 1246], [117, 213]]",2889,330
remove_20,Remove 20% edges,edge_removal,0.2,46,30046,2889,16524,13219,0.015559549443423748,0.4798469841480255,0.6066106552038557,0.18967430179310932,0.5160955347871236,0.5618760879604959,0.13870094722598106,0.6212121212121212,0.22676991150442477,"[[1286, 1273], [125, 205]]",2889,330
remove_20,Remove 20% edges,edge_removal,0.2,47,30047,2889,16524,13219,0.017109692096710205,0.4798469841480255,0.6042186223311663,0.18804953485957127,0.5250951886465905,0.5709154854524139,0.14266117969821673,0.6303030303030303,0.232662192393736,"[[1309, 1250], [122, 208]]",2889,330
remove_20,Remove 20% edges,edge_removal,0.2,48,30048,2889,16524,13219,0.016523050144314766,0.4798469841480255,0.6062429689627815,0.19281914869397662,0.5209415022499134,0.565931294184518,0.14051841746248295,0.6242424242424243,0.22939866369710468,"[[1299, 1260], [124, 206]]",2889,330
remove_20,Remove 20% edges,edge_removal,0.2,49,30049,2889,16524,13219,0.016321644186973572,0.4798469841480255,0.6053418120241099,0.18539311142538253,0.5216337833160263,0.5650023091406444,0.140218878248974,0.6212121212121212,0.22879464285714285,"[[1302, 1257], [125, 205]]",2889,330
remove_20,Remove 20% edges,edge_removal,0.2,50,30050,2889,16524,13219,0.017008157446980476,0.4798469841480255,0.6106019159946475,0.18949628470907418,0.5275181723779855,0.5722832072187289,0.14334941419710545,0.6303030303030303,0.23357664233576642,"[[1316, 1243], [122, 208]]",2889,330
remove_20,Remove 20% edges,edge_removal,0.2,51,30051,2889,16524,13219,0.016616296023130417,0.4798469841480255,0.6054164150295451,0.19333825226328846,0.523018345448252,0.5750222032754272,0.14402173913043478,0.6424242424242425,0.23529411764705882,"[[1299, 1260], [118, 212]]",2889,330
noise_5,Add 5% noise edges,noise_addition,0.05,42,40042,2889,16524,17350,0.009015997871756554,0.4798469841480255,0.6043938801852049,0.18794027164661758,0.5219799238490828,0.5691569860385803,0.141785957736878,0.6303030303030303,0.23149693934335003,"[[1300, 1259], [122, 208]]",2889,330
noise_5,Add 5% noise edges,noise_addition,0.05,43,40043,2889,16524,17350,0.008324422873556614,0.4798469841480255,0.6057231162741128,0.18395002280197525,0.5150571131879543,0.5652492095633947,0.1398789509078682,0.6303030303030303,0.22894881673087508,"[[1280, 1279], [122, 208]]",2889,330
noise_5,Add 5% noise edges,noise_addition,0.05,44,40044,2889,16524,17350,0.00908469408750534,0.4798469841480255,0.605313391831563,0.18740528273036772,0.520595361716857,0.5683754307435432,0.14140040788579197,0.6303030303030303,0.23098278734036645,"[[1296, 1263], [122, 208]]",2889,330
noise_5,Add 5% noise edges,noise_addition,0.05,45,40045,2889,16524,17350,0.009390663355588913,0.4798469841480255,0.6110258505334707,0.18958969637144654,0.5240567670474212,0.5795676578208817,0.14576271186440679,0.6515151515151515,0.23822714681440443,"[[1299, 1260], [115, 215]]",2889,330
noise_5,Add 5% noise edges,noise_addition,0.05,46,40046,2889,16524,17350,0.00893473532050848,0.4798469841480255,0.6013014079837058,0.18151848648651808,0.5185185185185185,0.5685228604923798,0.14131169709263017,0.6333333333333333,0.2310668877833057,"[[1289, 1270], [121, 209]]",2889,330
noise_5,Add 5% noise edges,noise_addition,0.05,47,40047,2889,16524,17350,0.008431877009570599,0.4798469841480255,0.6046840029841202,0.18953899577558506,0.5154032537210107,0.5667643610785462,0.14045698924731181,0.6333333333333333,0.2299229922992299,"[[1280, 1279], [121, 209]]",2889,330
noise_5,Add 5% noise edges,noise_addition,0.05,48,40048,2889,16524,17350,0.008624251000583172,0.4798469841480255,0.6092555093727426,0.18907989002464515,0.520595361716857,0.5749742442005045,0.14382174206617152,0.6454545454545455,0.23522915516289342,"[[1291, 1268], [117, 213]]",2889,330
noise_5,Add 5% noise edges,noise_addition,0.05,49,40049,2889,16524,17350,0.008588993921875954,0.4798469841480255,0.6082602105462598,0.18624591416776962,0.5264797507788161,0.5756563288216278,0.14452054794520547,0.6393939393939394,0.23575418994413408,"[[1310, 1249], [119, 211]]",2889,330
noise_5,Add 5% noise edges,noise_addition,0.05,50,40050,2889,16524,17350,0.00907064788043499,0.4798469841480255,0.6016915935438796,0.1867720444268417,0.5122879889235029,0.5610465735905361,0.1381623071763917,0.6242424242424243,0.22624931356397585,"[[1274, 1285], [124, 206]]",2889,330
noise_5,Add 5% noise edges,noise_addition,0.05,51,40051,2889,16524,17350,0.008166063576936722,0.4798469841480255,0.6031528651106611,0.18398532022951947,0.523018345448252,0.5697431525098582,0.14207650273224043,0.6303030303030303,0.2318840579710145,"[[1303, 1256], [122, 208]]",2889,330
noise_10,Add 10% noise edges,noise_addition,0.1,42,50042,2889,16524,18176,0.013420316390693188,0.4798469841480255,0.604051061612609,0.18359886098460804,0.5313257182416061,0.5731127215886889,0.14394993045897078,0.6272727272727273,0.2341628959276018,"[[1328, 1231], [123, 207]]",2889,330
noise_10,Add 10% noise edges,noise_addition,0.1,43,50043,2889,16524,18176,0.01379332598298788,0.4798469841480255,0.6057621940388647,0.1829522475778389,0.5295950155763239,0.5760950655440691,0.14492753623188406,0.6363636363636364,0.23608768971332209,"[[1320, 1239], [120, 210]]",2889,330
noise_10,Add 10% noise edges,noise_addition,0.1,44,50044,2889,16524,18176,0.014024561271071434,0.4798469841480255,0.6067426906817295,0.1881338305083256,0.5289027345102112,0.5836228640449039,0.14764183185235816,0.6545454545454545,0.24093697713329615,"[[1312, 1247], [114, 216]]",2889,330
noise_10,Add 10% noise edges,noise_addition,0.1,45,50045,2889,16524,18176,0.013592623174190521,0.4798469841480255,0.6090826198680829,0.19011160833984314,0.5250951886465905,0.5735550108351983,0.1436388508891929,0.6363636363636364,0.234375,"[[1307, 1252], [120, 210]]",2889,330
noise_10,Add 10% noise edges,noise_addition,0.1,46,50046,2889,16524,18176,0.012898116372525692,0.4798469841480255,0.6105036294954231,0.1901750618798838,0.5306334371754933,0.5727219439411702,0.14375,0.6272727272727273,0.23389830508474577,"[[1326, 1233], [123, 207]]",2889,330
noise_10,Add 10% noise edges,noise_addition,0.1,47,50047,2889,16524,18176,0.014331619255244732,0.4798469841480255,0.6066580221914337,0.18854432880755978,0.5316718587746625,0.5719883477210559,0.14355400696864112,0.6242424242424243,0.23342776203966006,"[[1330, 1229], [124, 206]]",2889,330
noise_10,Add 10% noise edges,noise_addition,0.1,48,50048,2889,16524,18176,0.014581019058823586,0.4798469841480255,0.6087285516359373,0.19066112526104728,0.527172031844929,0.5773668691605386,0.14520547945205478,0.6424242424242425,0.23687150837988827,"[[1311, 1248], [118, 212]]",2889,330
noise_10,Add 10% noise edges,noise_addition,0.1,49,50049,2889,16524,18176,0.014162353239953518,0.4798469841480255,0.6043701966914159,0.1839226825285271,0.5244029075804777,0.5692049451135032,0.1419753086419753,0.6272727272727273,0.23154362416107382,"[[1308, 1251], [123, 207]]",2889,330
noise_10,Add 10% noise edges,noise_addition,0.1,50,50050,2889,16524,18176,0.014294796623289585,0.4798469841480255,0.6070251163451632,0.19074254529420695,0.5147109726548978,0.5650538207396355,0.13978494623655913,0.6303030303030303,0.22882288228822883,"[[1279, 1280], [122, 208]]",2889,330
noise_10,Add 10% noise edges,noise_addition,0.1,51,50051,2889,16524,18176,0.014721356332302094,0.4798469841480255,0.6110169692232998,0.19059753564415766,0.5313257182416061,0.5876301111940034,0.14931506849315068,0.6606060606060606,0.2435754189944134,"[[1317, 1242], [112, 218]]",2889,330
